{
  "app": 0,
  "customMetadata": false,
  "customData": null,
  "style": "style.css",
  "useCDN": false,
  "hideMetadata": false,
  "displayReportTime": false,
  "displayDuration": false,
  "browser": 1,
  "name": "",
  "version": "version",
  "time": "2023-12-20T04:51:24.540Z",
  "features": [
    {
      "metadata": {
        "browser": {
          "name": "chrome",
          "version": "120.0.6099.110"
        },
        "device": "Device name not known",
        "platform": {
          "name": "windows",
          "version": "Version not known"
        }
      },
      "keyword": "Feature",
      "type": "feature",
      "description": "",
      "line": 1,
      "name": "Order Feature",
      "uri": "C:\\Users\\DELL\\Desktop\\wdio-typescript-main\\wdio-typescript-main\\features\\order.feature",
      "tags": [],
      "elements": [
        {
          "keyword": "Scenario",
          "type": "scenario",
          "description": "",
          "name": "As a guest user, I can place an order",
          "tags": [],
          "id": "order-featureas-a-guest-user,-i-can-place-an-order",
          "steps": [
            {
              "arguments": [],
              "keyword": "Given",
              "name": "I am on the home page",
              "result": {
                "status": "passed",
                "duration": 1763000000
              },
              "line": null,
              "match": {
                "location": "can not be determined with webdriver.io"
              },
              "time": "00:00:01.763"
            },
            {
              "arguments": [],
              "keyword": "And",
              "name": "I click on the computers menu",
              "result": {
                "status": "passed",
                "duration": 1222000000
              },
              "line": null,
              "match": {
                "location": "can not be determined with webdriver.io"
              },
              "time": "00:00:01.222"
            },
            {
              "arguments": [],
              "keyword": "And",
              "name": "I select the Desktops from submenu",
              "result": {
                "status": "passed",
                "duration": 973000000
              },
              "line": null,
              "match": {
                "location": "can not be determined with webdriver.io"
              },
              "time": "00:00:00.973"
            },
            {
              "arguments": [],
              "keyword": "And",
              "name": "I click on the add to cart button",
              "result": {
                "status": "passed",
                "duration": 246000000
              },
              "line": null,
              "match": {
                "location": "can not be determined with webdriver.io"
              },
              "time": "00:00:00.246"
            },
            {
              "arguments": [],
              "keyword": "And",
              "name": "I select 2 GB as ram size",
              "result": {
                "status": "passed",
                "duration": 1426000000
              },
              "line": null,
              "match": {
                "location": "can not be determined with webdriver.io"
              },
              "time": "00:00:01.426"
            },
            {
              "arguments": [],
              "keyword": "And",
              "name": "I select hard disk",
              "result": {
                "status": "passed",
                "duration": 234000000
              },
              "line": null,
              "match": {
                "location": "can not be determined with webdriver.io"
              },
              "time": "00:00:00.234"
            },
            {
              "arguments": [],
              "keyword": "And",
              "name": "I select 2 as product quantity",
              "result": {
                "status": "passed",
                "duration": 403000000
              },
              "line": null,
              "match": {
                "location": "can not be determined with webdriver.io"
              },
              "time": "00:00:00.403"
            },
            {
              "arguments": [],
              "keyword": "And",
              "name": "I click on the add to cart button",
              "result": {
                "status": "passed",
                "duration": 173000000
              },
              "line": null,
              "match": {
                "location": "can not be determined with webdriver.io"
              },
              "time": "00:00:00.173"
            },
            {
              "arguments": [],
              "keyword": "And",
              "name": "I click on the cross icon",
              "result": {
                "status": "passed",
                "duration": 1022000000
              },
              "line": null,
              "match": {
                "location": "can not be determined with webdriver.io"
              },
              "time": "00:00:01.022"
            },
            {
              "arguments": [],
              "keyword": "And",
              "name": "I click on the shopping cart menu",
              "result": {
                "status": "passed",
                "duration": 1293000000
              },
              "line": null,
              "match": {
                "location": "can not be determined with webdriver.io"
              },
              "time": "00:00:01.293"
            },
            {
              "arguments": [],
              "keyword": "And",
              "name": "I accept terms and conditons",
              "result": {
                "status": "passed",
                "duration": 255000000
              },
              "line": null,
              "match": {
                "location": "can not be determined with webdriver.io"
              },
              "time": "00:00:00.255"
            },
            {
              "arguments": [],
              "keyword": "Then",
              "name": "I click on the checkout button",
              "result": {
                "status": "passed",
                "duration": 1090000000
              },
              "line": null,
              "match": {
                "location": "can not be determined with webdriver.io"
              },
              "time": "00:00:01.090"
            },
            {
              "arguments": [],
              "keyword": "And",
              "name": "I click on the checkout as guest button",
              "result": {
                "status": "passed",
                "duration": 3011000000
              },
              "line": null,
              "match": {
                "location": "can not be determined with webdriver.io"
              },
              "time": "00:00:03.011"
            },
            {
              "arguments": [],
              "keyword": "And",
              "name": "I enter Ravi as first name",
              "result": {
                "status": "passed",
                "duration": 307000000
              },
              "line": null,
              "match": {
                "location": "can not be determined with webdriver.io"
              },
              "time": "00:00:00.307"
            },
            {
              "arguments": [],
              "keyword": "And",
              "name": "I enter kumar as last name",
              "result": {
                "status": "passed",
                "duration": 376000000
              },
              "line": null,
              "match": {
                "location": "can not be determined with webdriver.io"
              },
              "time": "00:00:00.376"
            },
            {
              "arguments": [],
              "keyword": "And",
              "name": "I enter Xyz as company name",
              "result": {
                "status": "passed",
                "duration": 324000000
              },
              "line": null,
              "match": {
                "location": "can not be determined with webdriver.io"
              },
              "time": "00:00:00.324"
            },
            {
              "arguments": [],
              "keyword": "And",
              "name": "I enter abc@gmail.com as email id",
              "result": {
                "status": "passed",
                "duration": 291000000
              },
              "line": null,
              "match": {
                "location": "can not be determined with webdriver.io"
              },
              "time": "00:00:00.291"
            },
            {
              "arguments": [],
              "keyword": "And",
              "name": "I enter India as country name",
              "result": {
                "status": "passed",
                "duration": 423000000
              },
              "line": null,
              "match": {
                "location": "can not be determined with webdriver.io"
              },
              "time": "00:00:00.423"
            },
            {
              "arguments": [],
              "keyword": "And",
              "name": "I enter Hyderabad as city name",
              "result": {
                "status": "passed",
                "duration": 324000000
              },
              "line": null,
              "match": {
                "location": "can not be determined with webdriver.io"
              },
              "time": "00:00:00.324"
            },
            {
              "arguments": [],
              "keyword": "And",
              "name": "I enter Hyderabad as address details",
              "result": {
                "status": "passed",
                "duration": 302000000
              },
              "line": null,
              "match": {
                "location": "can not be determined with webdriver.io"
              },
              "time": "00:00:00.302"
            },
            {
              "arguments": [],
              "keyword": "And",
              "name": "I enter 123456 as zip code",
              "result": {
                "status": "passed",
                "duration": 262000000
              },
              "line": null,
              "match": {
                "location": "can not be determined with webdriver.io"
              },
              "time": "00:00:00.262"
            },
            {
              "arguments": [],
              "keyword": "And",
              "name": "I enter 1234567890 as phone number",
              "result": {
                "status": "passed",
                "duration": 288000000
              },
              "line": null,
              "match": {
                "location": "can not be determined with webdriver.io"
              },
              "time": "00:00:00.288"
            },
            {
              "arguments": [],
              "keyword": "And",
              "name": "I click on the Continue button",
              "result": {
                "status": "passed",
                "duration": 160000000
              },
              "line": null,
              "match": {
                "location": "can not be determined with webdriver.io"
              },
              "time": "00:00:00.160"
            },
            {
              "arguments": [],
              "keyword": "And",
              "name": "I choose the air shipping method",
              "result": {
                "status": "passed",
                "duration": 883000000
              },
              "line": null,
              "match": {
                "location": "can not be determined with webdriver.io"
              },
              "time": "00:00:00.883"
            },
            {
              "arguments": [],
              "keyword": "And",
              "name": "I choose the payment method",
              "result": {
                "status": "passed",
                "duration": 1792000000
              },
              "line": null,
              "match": {
                "location": "can not be determined with webdriver.io"
              },
              "time": "00:00:01.792"
            },
            {
              "arguments": [],
              "keyword": "When",
              "name": "I enter Ravi Kumar,5123456789012346,3,2027 and 123 as card details",
              "result": {
                "status": "passed",
                "duration": 1567000000
              },
              "line": null,
              "match": {
                "location": "can not be determined with webdriver.io"
              },
              "time": "00:00:01.567"
            },
            {
              "arguments": [],
              "keyword": "When",
              "name": "I click on the payment info continue button",
              "result": {
                "status": "passed",
                "duration": 5155000000
              },
              "line": null,
              "match": {
                "location": "can not be determined with webdriver.io"
              },
              "time": "00:00:05.155"
            },
            {
              "arguments": [],
              "keyword": "Then",
              "name": "I should see order confirmation message for placed order",
              "result": {
                "status": "passed",
                "duration": 5444000000
              },
              "line": null,
              "match": {
                "location": "can not be determined with webdriver.io"
              },
              "time": "00:00:05.444"
            }
          ],
          "passed": 28,
          "failed": 0,
          "notDefined": 0,
          "skipped": 0,
          "pending": 0,
          "ambiguous": 0,
          "duration": 31009000000,
          "time": "00:00:31.009"
        }
      ],
      "id": "8f3721da-d7a7-4bfc-b6bc-2dd12454b56f-order-feature",
      "scenarios": {
        "passed": 1,
        "failed": 0,
        "notDefined": 0,
        "skipped": 0,
        "pending": 0,
        "ambiguous": 0,
        "passedPercentage": "100.00",
        "failedPercentage": "0.00",
        "notDefinedPercentage": "0.00",
        "skippedPercentage": "0.00",
        "pendingPercentage": "0.00",
        "ambiguousPercentage": "0.00",
        "total": 1
      },
      "duration": 31009000000,
      "time": "00:00:31.009",
      "isFailed": false,
      "isAmbiguous": false,
      "isSkipped": false,
      "isNotdefined": false,
      "isPending": false,
      "app": 0,
      "browser": 0,
      "passed": null,
      "totalTime": null
    }
  ],
  "featureCount": {
    "ambiguous": 0,
    "failed": 0,
    "passed": 1,
    "notDefined": 0,
    "pending": 0,
    "skipped": 0,
    "total": 1,
    "ambiguousPercentage": "0.00",
    "failedPercentage": "0.00",
    "notDefinedPercentage": "0.00",
    "pendingPercentage": "0.00",
    "skippedPercentage": "0.00",
    "passedPercentage": "100.00"
  },
  "reportName": "Multiple Cucumber HTML Reporter",
  "scenarios": {
    "failed": 0,
    "ambiguous": 0,
    "notDefined": 0,
    "pending": 0,
    "skipped": 0,
    "passed": 1,
    "total": 1,
    "ambiguousPercentage": "0.00",
    "failedPercentage": "0.00",
    "notDefinedPercentage": "0.00",
    "passedPercentage": "100.00",
    "pendingPercentage": "0.00",
    "skippedPercentage": "0.00"
  },
  "totalTime": 0
}
