[{"keyword":"Feature","type":"feature","description":"","line":1,"name":"Order Feature","uri":"C:\\Users\\DELL\\Desktop\\wdio-typescript-main\\wdio-typescript-main\\features\\order.feature","tags":[],"elements":[{"keyword":"Scenario","type":"scenario","description":"","name":"As a guest user, I can place an order","tags":[],"id":"order-featureas-a-guest-user,-i-can-place-an-order","steps":[{"arguments":[],"keyword":"Given","name":"I am on the home page","result":{"status":"passed","duration":1763000000},"line":null,"match":{"location":"can not be determined with webdriver.io"}},{"arguments":[],"keyword":"And","name":"I click on the computers menu","result":{"status":"passed","duration":1222000000},"line":null,"match":{"location":"can not be determined with webdriver.io"}},{"arguments":[],"keyword":"And","name":"I select the Desktops from submenu","result":{"status":"passed","duration":973000000},"line":null,"match":{"location":"can not be determined with webdriver.io"}},{"arguments":[],"keyword":"And","name":"I click on the add to cart button","result":{"status":"passed","duration":246000000},"line":null,"match":{"location":"can not be determined with webdriver.io"}},{"arguments":[],"keyword":"And","name":"I select 2 GB as ram size","result":{"status":"passed","duration":1426000000},"line":null,"match":{"location":"can not be determined with webdriver.io"}},{"arguments":[],"keyword":"And","name":"I select hard disk","result":{"status":"passed","duration":234000000},"line":null,"match":{"location":"can not be determined with webdriver.io"}},{"arguments":[],"keyword":"And","name":"I select 2 as product quantity","result":{"status":"passed","duration":403000000},"line":null,"match":{"location":"can not be determined with webdriver.io"}},{"arguments":[],"keyword":"And","name":"I click on the add to cart button","result":{"status":"passed","duration":173000000},"line":null,"match":{"location":"can not be determined with webdriver.io"}},{"arguments":[],"keyword":"And","name":"I click on the cross icon","result":{"status":"passed","duration":1022000000},"line":null,"match":{"location":"can not be determined with webdriver.io"}},{"arguments":[],"keyword":"And","name":"I click on the shopping cart menu","result":{"status":"passed","duration":1293000000},"line":null,"match":{"location":"can not be determined with webdriver.io"}},{"arguments":[],"keyword":"And","name":"I accept terms and conditons","result":{"status":"passed","duration":255000000},"line":null,"match":{"location":"can not be determined with webdriver.io"}},{"arguments":[],"keyword":"Then","name":"I click on the checkout button","result":{"status":"passed","duration":1090000000},"line":null,"match":{"location":"can not be determined with webdriver.io"}},{"arguments":[],"keyword":"And","name":"I click on the checkout as guest button","result":{"status":"passed","duration":3011000000},"line":null,"match":{"location":"can not be determined with webdriver.io"}},{"arguments":[],"keyword":"And","name":"I enter Ravi as first name","result":{"status":"passed","duration":307000000},"line":null,"match":{"location":"can not be determined with webdriver.io"}},{"arguments":[],"keyword":"And","name":"I enter kumar as last name","result":{"status":"passed","duration":376000000},"line":null,"match":{"location":"can not be determined with webdriver.io"}},{"arguments":[],"keyword":"And","name":"I enter Xyz as company name","result":{"status":"passed","duration":324000000},"line":null,"match":{"location":"can not be determined with webdriver.io"}},{"arguments":[],"keyword":"And","name":"I enter abc@gmail.com as email id","result":{"status":"passed","duration":291000000},"line":null,"match":{"location":"can not be determined with webdriver.io"}},{"arguments":[],"keyword":"And","name":"I enter India as country name","result":{"status":"passed","duration":423000000},"line":null,"match":{"location":"can not be determined with webdriver.io"}},{"arguments":[],"keyword":"And","name":"I enter Hyderabad as city name","result":{"status":"passed","duration":324000000},"line":null,"match":{"location":"can not be determined with webdriver.io"}},{"arguments":[],"keyword":"And","name":"I enter Hyderabad as address details","result":{"status":"passed","duration":302000000},"line":null,"match":{"location":"can not be determined with webdriver.io"}},{"arguments":[],"keyword":"And","name":"I enter 123456 as zip code","result":{"status":"passed","duration":262000000},"line":null,"match":{"location":"can not be determined with webdriver.io"}},{"arguments":[],"keyword":"And","name":"I enter 1234567890 as phone number","result":{"status":"passed","duration":288000000},"line":null,"match":{"location":"can not be determined with webdriver.io"}},{"arguments":[],"keyword":"And","name":"I click on the Continue button","result":{"status":"passed","duration":160000000},"line":null,"match":{"location":"can not be determined with webdriver.io"}},{"arguments":[],"keyword":"And","name":"I choose the air shipping method","result":{"status":"passed","duration":883000000},"line":null,"match":{"location":"can not be determined with webdriver.io"}},{"arguments":[],"keyword":"And","name":"I choose the payment method","result":{"status":"passed","duration":1792000000},"line":null,"match":{"location":"can not be determined with webdriver.io"}},{"arguments":[],"keyword":"When","name":"I enter Ravi Kumar,5123456789012346,3,2027 and 123 as card details","result":{"status":"passed","duration":1567000000},"line":null,"match":{"location":"can not be determined with webdriver.io"}},{"arguments":[],"keyword":"When","name":"I click on the payment info continue button","result":{"status":"passed","duration":5155000000},"line":null,"match":{"location":"can not be determined with webdriver.io"}},{"arguments":[],"keyword":"Then","name":"I should see order confirmation message for placed order","result":{"status":"passed","duration":5444000000},"line":null,"match":{"location":"can not be determined with webdriver.io"}}]}],"id":"order-feature","metadata":{"browser":{"name":"chrome","version":"120.0.6099.110"},"device":"Device name not known","platform":{"name":"windows","version":"Version not known"}}}]
