[
  {
    "metadata": {
      "browser": {
        "name": "chrome",
        "version": "120.0.6099.130"
      },
      "device": "Device name not known",
      "platform": {
        "name": "windows",
        "version": "Version not known"
      }
    },
    "keyword": "Feature",
    "type": "feature",
    "description": "",
    "line": 1,
    "name": "Order Feature",
    "uri": "D:\\Desktop\\project\\features\\order.feature",
    "tags": [],
    "elements": [
      {
        "keyword": "Scenario",
        "type": "scenario",
        "description": "",
        "name": "As a guest user, I can place an order",
        "tags": [],
        "id": "order-featureas-a-guest-user,-i-can-place-an-order",
        "steps": [
          {
            "arguments": [],
            "keyword": "Given",
            "name": "I am on the home page",
            "result": {
              "status": "passed",
              "duration": 2216000000
            },
            "line": null,
            "match": {
              "location": "can not be determined with webdriver.io"
            }
          },
          {
            "arguments": [],
            "keyword": "When",
            "name": "I click on the computers menu",
            "result": {
              "status": "passed",
              "duration": 2321000000
            },
            "line": null,
            "match": {
              "location": "can not be determined with webdriver.io"
            }
          },
          {
            "arguments": [],
            "keyword": "And",
            "name": "I select the Desktops from submenu",
            "result": {
              "status": "passed",
              "duration": 1171000000
            },
            "line": null,
            "match": {
              "location": "can not be determined with webdriver.io"
            }
          },
          {
            "arguments": [],
            "keyword": "Then",
            "name": "I click on the add to cart button",
            "result": {
              "status": "passed",
              "duration": 281000000
            },
            "line": null,
            "match": {
              "location": "can not be determined with webdriver.io"
            }
          },
          {
            "arguments": [],
            "keyword": "And",
            "name": "I select 2 GB as ram size",
            "result": {
              "status": "passed",
              "duration": 1578000000
            },
            "line": null,
            "match": {
              "location": "can not be determined with webdriver.io"
            }
          },
          {
            "arguments": [],
            "keyword": "Then",
            "name": "I select hard disk",
            "result": {
              "status": "passed",
              "duration": 302000000
            },
            "line": null,
            "match": {
              "location": "can not be determined with webdriver.io"
            }
          },
          {
            "arguments": [],
            "keyword": "And",
            "name": "I select 2 as product quantity",
            "result": {
              "status": "passed",
              "duration": 401000000
            },
            "line": null,
            "match": {
              "location": "can not be determined with webdriver.io"
            }
          },
          {
            "arguments": [],
            "keyword": "When",
            "name": "I click on the add to cart button",
            "result": {
              "status": "passed",
              "duration": 227000000
            },
            "line": null,
            "match": {
              "location": "can not be determined with webdriver.io"
            }
          },
          {
            "arguments": [],
            "keyword": "And",
            "name": "I click on the cross icon",
            "result": {
              "status": "passed",
              "duration": 1056000000
            },
            "line": null,
            "match": {
              "location": "can not be determined with webdriver.io"
            }
          },
          {
            "arguments": [],
            "keyword": "Then",
            "name": "I click on the shopping cart menu",
            "result": {
              "status": "passed",
              "duration": 1433000000
            },
            "line": null,
            "match": {
              "location": "can not be determined with webdriver.io"
            }
          },
          {
            "arguments": [],
            "keyword": "And",
            "name": "I accept terms and conditons",
            "result": {
              "status": "passed",
              "duration": 310000000
            },
            "line": null,
            "match": {
              "location": "can not be determined with webdriver.io"
            }
          },
          {
            "arguments": [],
            "keyword": "When",
            "name": "I click on the checkout button",
            "result": {
              "status": "passed",
              "duration": 1555000000
            },
            "line": null,
            "match": {
              "location": "can not be determined with webdriver.io"
            }
          },
          {
            "arguments": [],
            "keyword": "And",
            "name": "I click on the checkout as guest button",
            "result": {
              "status": "passed",
              "duration": 3169000000
            },
            "line": null,
            "match": {
              "location": "can not be determined with webdriver.io"
            }
          },
          {
            "arguments": [],
            "keyword": "Then",
            "name": "I enter Ravi as first name",
            "result": {
              "status": "passed",
              "duration": 357000000
            },
            "line": null,
            "match": {
              "location": "can not be determined with webdriver.io"
            }
          },
          {
            "arguments": [],
            "keyword": "And",
            "name": "I enter kumar as last name",
            "result": {
              "status": "passed",
              "duration": 406000000
            },
            "line": null,
            "match": {
              "location": "can not be determined with webdriver.io"
            }
          },
          {
            "arguments": [],
            "keyword": "And",
            "name": "I enter Xyz as company name",
            "result": {
              "status": "passed",
              "duration": 414000000
            },
            "line": null,
            "match": {
              "location": "can not be determined with webdriver.io"
            }
          },
          {
            "arguments": [],
            "keyword": "And",
            "name": "I enter abc@gmail.com as email id",
            "result": {
              "status": "passed",
              "duration": 387000000
            },
            "line": null,
            "match": {
              "location": "can not be determined with webdriver.io"
            }
          },
          {
            "arguments": [],
            "keyword": "And",
            "name": "I enter India as country name",
            "result": {
              "status": "passed",
              "duration": 802000000
            },
            "line": null,
            "match": {
              "location": "can not be determined with webdriver.io"
            }
          },
          {
            "arguments": [],
            "keyword": "And",
            "name": "I enter Hyderabad as city name",
            "result": {
              "status": "passed",
              "duration": 469000000
            },
            "line": null,
            "match": {
              "location": "can not be determined with webdriver.io"
            }
          },
          {
            "arguments": [],
            "keyword": "And",
            "name": "I enter Hyderabad as address details",
            "result": {
              "status": "passed",
              "duration": 407000000
            },
            "line": null,
            "match": {
              "location": "can not be determined with webdriver.io"
            }
          },
          {
            "arguments": [],
            "keyword": "And",
            "name": "I enter 123456 as zip code",
            "result": {
              "status": "passed",
              "duration": 370000000
            },
            "line": null,
            "match": {
              "location": "can not be determined with webdriver.io"
            }
          },
          {
            "arguments": [],
            "keyword": "And",
            "name": "I enter 1234567890 as phone number",
            "result": {
              "status": "passed",
              "duration": 436000000
            },
            "line": null,
            "match": {
              "location": "can not be determined with webdriver.io"
            }
          },
          {
            "arguments": [],
            "keyword": "When",
            "name": "I click on the Continue button",
            "result": {
              "status": "passed",
              "duration": 256000000
            },
            "line": null,
            "match": {
              "location": "can not be determined with webdriver.io"
            }
          },
          {
            "arguments": [],
            "keyword": "And",
            "name": "I choose the air shipping method",
            "result": {
              "status": "passed",
              "duration": 1073000000
            },
            "line": null,
            "match": {
              "location": "can not be determined with webdriver.io"
            }
          },
          {
            "arguments": [],
            "keyword": "Then",
            "name": "I choose the payment method",
            "result": {
              "status": "passed",
              "duration": 2028000000
            },
            "line": null,
            "match": {
              "location": "can not be determined with webdriver.io"
            }
          },
          {
            "arguments": [],
            "keyword": "And",
            "name": "I enter Ravi Kumar,5123456789012346,3,2027 and 123 as card details",
            "result": {
              "status": "passed",
              "duration": 1952000000
            },
            "line": null,
            "match": {
              "location": "can not be determined with webdriver.io"
            }
          },
          {
            "arguments": [],
            "keyword": "And",
            "name": "I click on the payment info continue button",
            "result": {
              "status": "passed",
              "duration": 5201000000
            },
            "line": null,
            "match": {
              "location": "can not be determined with webdriver.io"
            }
          },
          {
            "arguments": [],
            "keyword": "Then",
            "name": "I should see order confirmation message for placed order",
            "result": {
              "status": "passed",
              "duration": 5346000000
            },
            "line": null,
            "match": {
              "location": "can not be determined with webdriver.io"
            }
          }
        ]
      },
      {
        "keyword": "Scenario",
        "type": "scenario",
        "description": "",
        "name": "As a guest user, I try to place an order without country",
        "tags": [],
        "id": "order-featureas-a-guest-user,-i-try-to-place-an-order-without-country",
        "steps": [
          {
            "arguments": [],
            "keyword": "Given",
            "name": "I am on the home page",
            "result": {
              "status": "passed",
              "duration": 1443000000
            },
            "line": null,
            "match": {
              "location": "can not be determined with webdriver.io"
            }
          },
          {
            "arguments": [],
            "keyword": "When",
            "name": "I click on the computers menu",
            "result": {
              "status": "passed",
              "duration": 3400000000
            },
            "line": null,
            "match": {
              "location": "can not be determined with webdriver.io"
            }
          },
          {
            "arguments": [],
            "keyword": "And",
            "name": "I select the Desktops from submenu",
            "result": {
              "status": "passed",
              "duration": 2044000000
            },
            "line": null,
            "match": {
              "location": "can not be determined with webdriver.io"
            }
          },
          {
            "arguments": [],
            "keyword": "Then",
            "name": "I click on the add to cart button",
            "result": {
              "status": "passed",
              "duration": 316000000
            },
            "line": null,
            "match": {
              "location": "can not be determined with webdriver.io"
            }
          },
          {
            "arguments": [],
            "keyword": "And",
            "name": "I select 2 GB as ram size",
            "result": {
              "status": "passed",
              "duration": 1461000000
            },
            "line": null,
            "match": {
              "location": "can not be determined with webdriver.io"
            }
          },
          {
            "arguments": [],
            "keyword": "Then",
            "name": "I select hard disk",
            "result": {
              "status": "passed",
              "duration": 334000000
            },
            "line": null,
            "match": {
              "location": "can not be determined with webdriver.io"
            }
          },
          {
            "arguments": [],
            "keyword": "And",
            "name": "I select 2 as product quantity",
            "result": {
              "status": "passed",
              "duration": 385000000
            },
            "line": null,
            "match": {
              "location": "can not be determined with webdriver.io"
            }
          },
          {
            "arguments": [],
            "keyword": "When",
            "name": "I click on the add to cart button",
            "result": {
              "status": "passed",
              "duration": 280000000
            },
            "line": null,
            "match": {
              "location": "can not be determined with webdriver.io"
            }
          },
          {
            "arguments": [],
            "keyword": "And",
            "name": "I click on the cross icon",
            "result": {
              "status": "passed",
              "duration": 2882000000
            },
            "line": null,
            "match": {
              "location": "can not be determined with webdriver.io"
            }
          },
          {
            "arguments": [],
            "keyword": "Then",
            "name": "I click on the shopping cart menu",
            "result": {
              "status": "passed",
              "duration": 2313000000
            },
            "line": null,
            "match": {
              "location": "can not be determined with webdriver.io"
            }
          },
          {
            "arguments": [],
            "keyword": "And",
            "name": "I accept terms and conditons",
            "result": {
              "status": "passed",
              "duration": 352000000
            },
            "line": null,
            "match": {
              "location": "can not be determined with webdriver.io"
            }
          },
          {
            "arguments": [],
            "keyword": "When",
            "name": "I click on the checkout button",
            "result": {
              "status": "passed",
              "duration": 1023000000
            },
            "line": null,
            "match": {
              "location": "can not be determined with webdriver.io"
            }
          },
          {
            "arguments": [],
            "keyword": "And",
            "name": "I click on the checkout as guest button",
            "result": {
              "status": "passed",
              "duration": 3065000000
            },
            "line": null,
            "match": {
              "location": "can not be determined with webdriver.io"
            }
          },
          {
            "arguments": [],
            "keyword": "Then",
            "name": "I enter Ravi as first name",
            "result": {
              "status": "passed",
              "duration": 1016000000
            },
            "line": null,
            "match": {
              "location": "can not be determined with webdriver.io"
            }
          },
          {
            "arguments": [],
            "keyword": "And",
            "name": "I enter kumar as last name",
            "result": {
              "status": "passed",
              "duration": 321000000
            },
            "line": null,
            "match": {
              "location": "can not be determined with webdriver.io"
            }
          },
          {
            "arguments": [],
            "keyword": "And",
            "name": "I enter Xyz as company name",
            "result": {
              "status": "passed",
              "duration": 317000000
            },
            "line": null,
            "match": {
              "location": "can not be determined with webdriver.io"
            }
          },
          {
            "arguments": [],
            "keyword": "And",
            "name": "I enter abc@gmail.com as email id",
            "result": {
              "status": "passed",
              "duration": 316000000
            },
            "line": null,
            "match": {
              "location": "can not be determined with webdriver.io"
            }
          },
          {
            "arguments": [],
            "keyword": "And",
            "name": "I enter Hyderabad as city name",
            "result": {
              "status": "passed",
              "duration": 342000000
            },
            "line": null,
            "match": {
              "location": "can not be determined with webdriver.io"
            }
          },
          {
            "arguments": [],
            "keyword": "And",
            "name": "I enter Hyderabad as address details",
            "result": {
              "status": "passed",
              "duration": 360000000
            },
            "line": null,
            "match": {
              "location": "can not be determined with webdriver.io"
            }
          },
          {
            "arguments": [],
            "keyword": "And",
            "name": "I enter 123456 as zip code",
            "result": {
              "status": "passed",
              "duration": 322000000
            },
            "line": null,
            "match": {
              "location": "can not be determined with webdriver.io"
            }
          },
          {
            "arguments": [],
            "keyword": "And",
            "name": "I enter 1234567890 as phone number",
            "result": {
              "status": "passed",
              "duration": 314000000
            },
            "line": null,
            "match": {
              "location": "can not be determined with webdriver.io"
            }
          },
          {
            "arguments": [],
            "keyword": "When",
            "name": "I click on the Continue button",
            "result": {
              "status": "passed",
              "duration": 232000000
            },
            "line": null,
            "match": {
              "location": "can not be determined with webdriver.io"
            }
          },
          {
            "arguments": [],
            "keyword": "Then",
            "name": "I should see Country is required. as error message",
            "result": {
              "status": "passed",
              "duration": 5116000000
            },
            "line": null,
            "match": {
              "location": "can not be determined with webdriver.io"
            }
          }
        ]
      }
    ],
    "id": "order-feature"
  }
]
